{"cameraMode":{"drawMode":0,"name":"Shaded","section":"Shading Mode"},"sceneLighting":true,"audioPlay":false,"sceneViewState":{"showFog":true,"showMaterialUpdate":false,"showSkybox":true,"showFlares":true,"showImageEffects":true,"showParticleSystems":true},"in2DMode":false,"pivot":{"x":0.7390417456626892,"y":18.56989097595215,"z":-25.7465877532959},"rotation":{"x":-0.3390703797340393,"y":-0.06324634701013565,"z":0.02259228192269802,"w":-0.9383780360221863},"size":3.0327670574188234,"orthographic":false}