{"cameraMode":{"drawMode":0,"name":"Shaded","section":"Shading Mode"},"sceneLighting":true,"audioPlay":false,"sceneViewState":{"showFog":true,"showMaterialUpdate":false,"showSkybox":true,"showFlares":true,"showImageEffects":true,"showParticleSystems":true},"in2DMode":false,"pivot":{"x":19.32029914855957,"y":17.075077056884767,"z":-28.391416549682618},"rotation":{"x":-0.3692147731781006,"y":0.2587289810180664,"z":-0.10781030356884003,"w":-0.8860707879066467},"size":0.1682676374912262,"orthographic":false}